id,name,model_id:id,group_id:id,perm_read,perm_write,perm_create,perm_unlink

access_monthly_planning_user,monthly.planning.user,model_monthly_planning,,1,1,1,1
access_monthly_planning_kitchen_user,monthly.planning.kitchen.user,model_monthly_planning_kitchen,,1,1,1,1
access_monthly_planning_madaris_user,monthly.planning.madaris.user,model_monthly_planning_madaris,,1,1,1,1
access_monthly_planning_medical_user,monthly.planning.medical.user,model_monthly_planning_medical,,1,1,1,1
access_monthly_planning_livestock_user,monthly.planning.livestock.user,model_monthly_planning_livestock,,1,1,1,1

access_monthly_planning_food_user,monthly.planning.food.user,model_monthly_planning_food,,1,1,1,1
access_monthly_planning_ration_user,monthly.planning.ration.user,model_monthly_planning_ration,,1,1,1,1
access_monthly_planning_meat_user,monthly.planning.meat.user,model_monthly_planning_meat,,1,1,1,1

access_planning_type_user,planning.type.user,model_planning_type,,1,0,0,0
access_planning_type_manager,planning.type.manager,model_planning_type,,1,1,1,1

access_import_monthly_planning_wizard,import.monthly.planning.wizard,model_import_monthly_planning_wizard,,1,1,1,1

access_report_monthly_planning_line_user,report.monthly.planning.line.user,model_report_monthly_planning_line,base.group_user,1,0,0,0
access_report_monthly_planning_line_manager,report.monthly.planning.line.manager,model_report_monthly_planning_line,bn_master_setup.master_setup_group,1,0,0,0