<?xml version="1.0" encoding="utf-8"?>
<odoo>

    <record id="donation_box_menu_group" model="res.groups">
        <field name="name">Menu</field>
    </record>
    
    <record id="donation_box_request_approve_reject_group" model="res.groups">
        <field name="name">Request / Approve or Reject</field>
    </record>
    
    <record id="donation_box_registration_installation_approve_group" model="res.groups">
        <field name="name">Registation or Installation / Approve</field>
    </record>
    
    <record id="donation_box_complain_center_resolve_group" model="res.groups">
        <field name="name">Complain Center / Resolve</field>
    </record>
    
    <record id="donation_box_configuration_group" model="res.groups">
        <field name="name">Configuration</field>
    </record>

</odoo>
